Method,KNN (K=9) Accuracy (mean 5-fold CV),Std (5-fold CV)
Forward (3 features),0.8247510668563299,0.07141136726491897
PCA (3 components),0.7826458036984353,0.06578789740912795
LDA (2 components),0.7718349928876245,0.07423548564319343
